order_id,product_id,store_id,product_name,city,date_of_sale,quantity,sales_amount
47,902,2,60053-IL,Phoenix,2024-05-23,8,11.63
17,367,5,44256-OH,Phoenix,2024-08-19,9,13.82
33,512,6,55330-MN,Seattle,2023-06-04,2,22.42
35,254,1,19020-PA,Seattle,2022-02-01,7,30.33
95,271,1,77566-TX,San Diego,2025-12-01,6,35.87
85,725,3,070807-NJ,New York,2024-01-28,6,57.55
81,356,10,02301-MA,San Diego,2025-08-20,0,58.41
7,186,2,76039-TX,Houston,2022-02-12,0,50.36
42,938,2,77566-TX,San Diego,2024-10-22,3,71.17
1,162,1,08096-NJ,Los Angeles,2024-11-28,8,54.47
14,864,8,55330-MN,Phoenix,2022-02-03,9,56.0
13,232,3,44256-OH,San Jose,2024-10-31,0,22.8
100,617,8,27909-NC,Mimia,2024-09-04,6,15.43
75,342,5,27909-NC,San Diego,2022-04-10,9,45.39
2,98,9,27909-NC,Houston,2025-12-30,10,29.95
83,586,1,76039-TX,Los Angeles,2025-09-29,8,60.69
63,290,10,94806-CA,Mimia,2021-02-09,7,29.14
78,134,5,77566-TX,Houston,2022-03-03,6,55.48
30,230,1,94806-CA,Houston,2025-05-15,2,40.78
82,594,5,070807-NJ,Mimia,2021-06-25,0,29.96
45,816,7,19020-PA,Los Angeles,2023-09-24,4,11.8
73,474,3,94806-CA,Phoenix,2022-11-01,5,23.9
13,685,8,76039-TX,Chicago,2024-05-25,7,33.57
95,424,1,30083-GA,Dallas,2021-08-11,9,44.5
88,269,5,19020-PA,San Diego,2023-05-04,0,64.7
35,507,8,08096-NJ,Houston,2024-10-13,8,36.56
43,117,7,19020-PA,Houston,2024-07-12,5,74.22
32,742,4,19020-PA,San Jose,2024-03-27,6,25.96
36,575,5,55330-MN,Seattle,2022-04-28,7,72.24
100,852,4,27909-NC,Dallas,2023-05-08,2,27.54
86,717,9,60053-IL,Philadelphia,2025-10-16,7,22.9
76,500,10,30083-GA,Dallas,2024-01-16,6,27.6
65,624,10,27909-NC,Los Angeles,2023-11-28,6,66.87
74,971,6,19020-PA,Los Angeles,2025-08-02,3,29.14
73,631,6,55330-MN,Seattle,2023-11-20,10,29.35
71,168,5,60053-IL,Philadelphia,2023-07-07,10,25.57
79,270,7,55330-MN,San Antonio,2025-04-07,2,45.85
55,201,5,08096-NJ,San Diego,2021-10-29,3,15.29
31,404,1,76039-TX,Philadelphia,2022-10-13,8,10.66
24,441,6,27909-NC,Chicago,2025-09-25,4,60.32
93,130,9,02301-MA,San Diego,2021-10-01,3,53.27
5,59,9,08096-NJ,Los Angeles,2025-01-16,0,50.21
68,990,6,76039-TX,Phoenix,2025-02-28,9,67.76
77,53,7,02301-MA,Phoenix,2022-08-27,5,70.38
52,962,2,30083-GA,Houston,2023-04-14,6,36.66
92,242,8,94806-CA,San Antonio,2024-01-28,3,59.95
3,822,2,76039-TX,New York,2024-01-25,2,20.64
38,604,9,55330-MN,Seattle,2024-11-04,5,47.37
5,239,7,30083-GA,Phoenix,2021-04-05,9,70.55
34,526,5,19020-PA,Seattle,2025-11-02,3,58.5
50,787,2,60053-IL,Chicago,2023-03-29,0,45.3
85,839,7,02301-MA,San Diego,2023-02-21,9,16.85
74,707,9,55330-MN,Philadelphia,2025-05-29,2,34.91
75,943,4,08096-NJ,Philadelphia,2021-04-09,1,39.75
27,822,9,94806-CA,San Jose,2022-03-06,6,30.62
94,975,2,08096-NJ,Los Angeles,2024-01-07,6,40.0
100,768,8,19020-PA,Phoenix,2025-02-10,2,29.57
2,99,9,55330-MN,Phoenix,2025-09-24,0,28.0
1,887,10,77566-TX,Phoenix,2022-01-24,0,70.0
84,448,1,08096-NJ,Philadelphia,2022-12-25,5,51.72
16,745,4,44256-OH,Seattle,2023-04-03,7,15.9
82,394,8,070807-NJ,Dallas,2021-08-01,8,61.94
42,832,5,60053-IL,Philadelphia,2025-11-01,8,33.65
21,386,3,94806-CA,New York,2022-06-18,3,67.66
4,683,4,44256-OH,Houston,2024-05-23,8,32.14
87,86,1,02301-MA,San Antonio,2023-07-21,1,53.55
48,482,9,30083-GA,Chicago,2024-07-23,2,54.45
64,631,7,08096-NJ,Seattle,2025-06-16,7,34.95
99,695,3,19020-PA,San Jose,2024-09-28,10,52.22
57,73,6,55330-MN,San Jose,2024-06-01,9,65.76
6,914,5,19020-PA,Phoenix,2023-09-07,4,39.0
75,426,5,30083-GA,New York,2025-02-23,9,51.26
31,879,6,55330-MN,San Diego,2025-04-01,6,55.77
15,915,2,77566-TX,Philadelphia,2024-03-25,10,44.81
12,671,6,070807-NJ,San Diego,2022-04-13,6,44.85
72,900,10,19020-PA,San Diego,2021-04-20,4,44.13
78,325,10,02301-MA,Mimia,2024-07-20,2,44.2
77,476,2,76039-TX,Los Angeles,2025-02-07,10,74.4
64,257,5,27909-NC,New York,2022-09-16,9,27.35
52,863,10,77566-TX,Phoenix,2025-05-09,3,45.35
80,530,7,27909-NC,Dallas,2023-06-06,0,64.49
37,836,6,08096-NJ,San Jose,2021-11-04,2,21.91
97,441,4,76039-TX,Seattle,2023-06-20,8,54.45
88,890,10,55330-MN,Phoenix,2021-12-03,6,45.52
20,492,4,44256-OH,San Jose,2023-02-13,4,55.13
48,437,5,27909-NC,Philadelphia,2024-11-18,5,61.14
10,140,9,44256-OH,Phoenix,2025-07-01,8,30.818336526455248
44,340,7,19020-PA,San Diego,2025-11-13,0,39.21
11,975,7,77566-TX,Phoenix,2025-07-16,2,34.46633542600222
74,869,8,19020-PA,Los Angeles,2023-01-22,0,19.64
30,838,4,76039-TX,San Antonio,2024-08-27,2,27.31
72,515,9,19020-PA,Seattle,2023-02-22,8,58.32
39,274,8,02301-MA,Dallas,2022-09-10,6,23.2
94,314,8,27909-NC,New York,2022-01-20,6,67.74
60,226,6,94806-CA,Mimia,2022-11-25,7,22.42
93,749,3,76039-TX,San Jose,2023-11-25,0,56.61
86,634,1,19020-PA,San Jose,2023-09-29,10,61.84
77,953,8,44256-OH,San Diego,2023-08-04,0,30.88
65,634,3,27909-NC,Dallas,2025-10-24,10,68.89
79,317,5,070807-NJ,Seattle,2024-04-28,9,30.4
30,453,2,27909-NC,Dallas,2024-06-04,5,29.69
43,608,6,08096-NJ,Phoenix,2025-02-19,5,32.83
95,642,1,08096-NJ,Dallas,2025-01-17,8,67.93
62,905,7,30083-GA,San Jose,2024-10-14,9,67.61
36,220,6,44256-OH,New York,2025-11-06,10,21.2
27,732,8,30083-GA,San Jose,2022-08-12,5,23.43
48,579,5,76039-TX,Los Angeles,2025-03-15,8,50.49
29,514,3,02301-MA,San Diego,2022-04-03,0,74.38
50,630,4,30083-GA,Philadelphia,2023-09-02,6,66.76
22,711,5,02301-MA,Chicago,2021-11-14,10,31.44
47,770,10,55330-MN,Phoenix,2023-05-20,9,63.56
76,681,7,30083-GA,Dallas,2024-09-24,2,13.3
49,279,3,94806-CA,San Diego,2024-01-10,8,46.89
54,114,10,30083-GA,Chicago,2025-09-11,4,54.45
14,488,3,76039-TX,Los Angeles,2021-02-16,2,74.19
10,423,4,60053-IL,Philadelphia,2024-02-14,1,16.34
77,918,5,55330-MN,Mimia,2022-12-20,6,25.42
50,820,7,30083-GA,San Diego,2022-07-28,3,26.66
29,238,5,08096-NJ,Los Angeles,2024-08-02,9,22.68
9,899,7,02301-MA,New York,2021-11-12,7,45.39
82,885,7,08096-NJ,Phoenix,2025-10-02,7,29.13
93,738,8,44256-OH,Houston,2024-04-13,0,70.4
99,512,8,02301-MA,Chicago,2023-12-28,9,58.8
53,953,7,30083-GA,Phoenix,2021-11-14,9,28.87
5,936,8,55330-MN,Mimia,2023-05-15,0,23.34
57,947,2,08096-NJ,Los Angeles,2024-02-27,5,36.0
24,590,7,30083-GA,Los Angeles,2024-07-01,6,65.9
47,341,4,08096-NJ,New York,2023-09-25,10,20.92
18,628,1,30083-GA,Los Angeles,2021-01-14,8,26.96
85,255,9,60053-IL,Phoenix,2024-08-08,9,61.92
57,283,4,44256-OH,Houston,2024-07-23,8,54.6
52,844,8,02301-MA,San Diego,2024-09-07,3,55.96
9,171,9,19020-PA,Mimia,2023-05-12,3,70.31
4,355,1,08096-NJ,Chicago,2021-12-31,8,64.91
76,931,4,02301-MA,Chicago,2023-03-02,0,44.63
30,700,2,08096-NJ,Los Angeles,2024-07-29,7,70.37
11,542,10,76039-TX,Dallas,2025-12-23,0,40.67
41,734,7,76039-TX,Philadelphia,2025-11-01,2,23.1
77,536,3,76039-TX,Los Angeles,2025-09-25,2,72.79
56,673,3,070807-NJ,Philadelphia,2021-11-20,9,19.98
50,681,1,27909-NC,New York,2021-02-04,0,66.38
16,391,3,55330-MN,Dallas,2021-08-24,6,67.37
50,523,9,76039-TX,Philadelphia,2023-10-25,7,39.84
77,830,5,27909-NC,Seattle,2021-02-12,1,62.94
45,357,5,30083-GA,San Jose,2022-06-08,7,28.44
27,685,9,77566-TX,Mimia,2024-08-01,10,61.4
17,720,1,08096-NJ,New York,2023-11-27,9,22.81372800398595
21,799,2,02301-MA,Houston,2023-02-22,2,43.87
18,646,4,60053-IL,Phoenix,2025-10-12,4,20.6
39,296,6,44256-OH,Houston,2023-12-06,8,12.76
49,535,1,55330-MN,San Jose,2024-04-16,1,38.68
54,440,2,55330-MN,Dallas,2021-02-24,0,18.26
35,69,7,27909-NC,Los Angeles,2024-06-29,4,71.23
83,805,8,30083-GA,Dallas,2022-09-03,2,19.24
97,907,8,55330-MN,Houston,2025-09-04,7,57.27
58,107,6,30083-GA,San Antonio,2024-01-30,4,59.4
5,968,2,77566-TX,Houston,2022-02-18,7,72.3
79,365,5,19020-PA,Mimia,2021-11-14,0,33.0
17,383,5,08096-NJ,San Diego,2022-09-23,7,66.89
51,718,3,30083-GA,San Antonio,2021-05-27,3,46.51
6,666,4,76039-TX,Philadelphia,2022-01-11,5,48.75
38,280,10,08096-NJ,Chicago,2024-10-22,10,66.28
95,856,8,77566-TX,Seattle,2025-09-27,0,17.25
48,127,10,19020-PA,New York,2024-12-21,9,67.57
18,405,5,070807-NJ,Mimia,2025-11-10,1,59.44
57,910,3,070807-NJ,Phoenix,2022-07-04,7,28.55
91,631,3,94806-CA,San Antonio,2022-11-16,4,69.51
63,110,6,94806-CA,Dallas,2022-06-29,3,18.1
41,523,8,76039-TX,Philadelphia,2025-06-29,7,22.9
8,710,9,08096-NJ,New York,2022-05-01,1,20.69
81,314,2,30083-GA,Dallas,2022-08-12,3,70.5
77,718,3,02301-MA,Los Angeles,2023-09-24,5,23.74
89,314,2,19020-PA,Chicago,2023-10-13,7,29.81
41,567,5,19020-PA,Los Angeles,2023-03-17,1,16.74
26,879,6,76039-TX,Mimia,2026-01-03,5,64.43
56,105,1,94806-CA,Philadelphia,2023-06-30,6,54.56
43,648,2,27909-NC,Dallas,2021-02-20,10,68.14
43,305,7,76039-TX,Los Angeles,2021-05-09,8,40.78
16,884,1,77566-TX,Philadelphia,2023-05-30,5,60.77
66,86,3,77566-TX,Dallas,2024-10-22,8,40.78
19,189,10,76039-TX,New York,2022-05-13,10,13.55
84,98,5,77566-TX,Los Angeles,2023-03-03,8,73.58
83,279,7,76039-TX,Seattle,2022-10-13,6,36.94
20,309,8,08096-NJ,New York,2023-11-14,7,39.91
27,658,9,60053-IL,Los Angeles,2024-11-04,1,41.25
1,402,6,77566-TX,San Antonio,2025-11-02,7,47.81
38,773,2,94806-CA,Seattle,2025-03-13,3,20.62
43,126,1,19020-PA,San Jose,2026-01-01,5,68.84
34,844,2,19020-PA,San Jose,2023-09-19,8,39.63
12,219,1,08096-NJ,Dallas,2021-07-25,9,48.42
95,543,9,94806-CA,Chicago,2024-08-15,8,47.89
41,88,3,60053-IL,Houston,2026-01-02,8,69.72
41,373,6,27909-NC,San Diego,2025-04-10,2,13.85
11,449,6,19020-PA,Chicago,2025-06-22,3,69.0
86,796,6,08096-NJ,Chicago,2023-01-02,0,18.96
95,325,6,44256-OH,San Jose,2022-07-21,2,27.25
98,833,3,94806-CA,Houston,2025-02-01,9,51.6
92,641,8,76039-TX,Houston,2025-11-11,2,57.46
53,699,1,070807-NJ,Philadelphia,2021-09-30,4,45.0
9,722,1,30083-GA,Phoenix,2025-09-24,5,58.89
51,224,10,19020-PA,Houston,2021-09-06,8,32.41
63,499,9,94806-CA,Philadelphia,2022-09-03,4,43.28
7,174,8,44256-OH,Phoenix,2021-12-23,6,52.1
84,739,1,27909-NC,San Antonio,2025-12-18,0,74.5
68,751,5,30083-GA,Mimia,2023-12-29,2,43.1
93,452,4,30083-GA,Dallas,2022-02-05,9,45.56
22,832,7,94806-CA,San Jose,2022-01-31,5,55.69
86,342,3,44256-OH,San Antonio,2021-12-21,4,13.6
82,883,7,55330-MN,San Jose,2022-03-30,2,44.5
91,310,6,08096-NJ,Seattle,2022-03-01,4,36.36
74,558,4,08096-NJ,New York,2021-08-05,6,55.7
66,661,3,44256-OH,Los Angeles,2021-01-15,2,35.83
48,528,10,76039-TX,San Antonio,2024-06-16,6,29.18
81,800,9,19020-PA,Houston,2021-02-14,10,14.22
98,767,4,08096-NJ,San Diego,2023-09-22,2,34.77
60,547,4,30083-GA,San Jose,2021-11-19,5,42.78
43,100,4,77566-TX,Houston,2024-03-19,0,36.7
7,655,5,44256-OH,Houston,2025-07-14,9,56.9
33,368,2,60053-IL,Houston,2023-07-15,1,42.97
73,682,4,94806-CA,Phoenix,2023-03-12,7,24.85
19,442,7,08096-NJ,Chicago,2023-02-10,5,27.61
35,740,7,60053-IL,Philadelphia,2025-06-14,9,44.98
3,569,5,94806-CA,Dallas,2025-02-25,2,46.52
81,417,10,44256-OH,Houston,2025-08-03,1,24.12
16,611,4,02301-MA,San Diego,2024-11-01,5,49.85
43,495,7,60053-IL,Seattle,2023-10-08,5,19.12
12,68,3,94806-CA,Mimia,2025-07-16,6,51.24
43,211,3,44256-OH,Phoenix,2024-05-12,10,71.83
68,548,2,44256-OH,Phoenix,2025-05-08,4,19.86
54,182,5,02301-MA,Seattle,2025-07-11,5,46.21
19,929,2,08096-NJ,Chicago,2023-03-03,4,32.17
77,102,7,60053-IL,Philadelphia,2023-08-24,2,74.68
88,333,3,27909-NC,Dallas,2022-11-15,3,44.82
43,842,8,08096-NJ,Houston,2023-05-04,0,16.97
15,135,10,02301-MA,San Diego,2024-09-04,1,42.81
19,102,4,27909-NC,Los Angeles,2024-10-30,6,40.51
52,615,10,94806-CA,Seattle,2023-03-20,2,61.17
19,946,2,27909-NC,Mimia,2025-10-09,0,65.99
67,330,9,30083-GA,Dallas,2025-11-30,7,54.2
33,768,8,30083-GA,Chicago,2022-06-20,7,22.49
89,850,5,55330-MN,Houston,2022-03-19,0,17.14
25,148,1,55330-MN,Houston,2022-07-17,1,51.4
38,843,8,76039-TX,Dallas,2024-01-11,4,68.6
19,786,3,94806-CA,San Diego,2023-05-19,9,61.93
72,335,3,60053-IL,New York,2023-03-14,5,31.96
51,961,8,30083-GA,Seattle,2024-06-02,2,53.27
62,778,5,94806-CA,San Diego,2024-07-18,1,18.71
1,424,5,070807-NJ,Los Angeles,2021-02-27,2,25.15
85,796,3,08096-NJ,Philadelphia,2021-04-07,0,12.56
92,125,8,070807-NJ,San Antonio,2025-03-09,4,10.81
41,746,4,44256-OH,San Antonio,2022-04-27,10,55.5
6,258,8,30083-GA,Houston,2021-12-07,10,50.16
39,419,6,94806-CA,New York,2023-12-22,3,23.24
93,779,1,60053-IL,San Antonio,2025-05-07,5,31.23
25,932,2,44256-OH,San Jose,2024-06-03,4,40.21
87,366,5,30083-GA,New York,2025-02-11,10,19.96
68,873,7,02301-MA,Philadelphia,2023-03-06,9,21.97
91,486,7,55330-MN,Houston,2022-02-13,3,59.83
34,99,10,44256-OH,San Antonio,2021-09-07,8,63.5
56,958,7,30083-GA,Philadelphia,2021-10-06,6,73.25
65,245,2,08096-NJ,Mimia,2021-07-09,9,20.24
86,542,2,94806-CA,Seattle,2022-12-27,7,60.3
94,502,6,60053-IL,New York,2024-07-01,7,33.24
9,690,4,55330-MN,Phoenix,2021-07-05,10,49.28
20,633,9,27909-NC,San Diego,2024-12-07,8,37.5
91,383,7,60053-IL,Seattle,2022-05-01,7,66.27
73,341,10,55330-MN,Los Angeles,2021-10-11,2,59.86
53,894,6,94806-CA,Seattle,2024-12-24,5,33.42
68,846,10,77566-TX,Philadelphia,2021-10-24,5,71.76
33,235,8,070807-NJ,Chicago,2025-04-06,10,42.24
93,553,7,94806-CA,New York,2022-03-17,5,32.96
48,445,6,55330-MN,San Jose,2021-01-31,3,49.25
61,531,2,76039-TX,Houston,2022-05-18,3,17.99
90,496,3,30083-GA,Phoenix,2022-06-10,8,32.47
61,74,3,94806-CA,Dallas,2023-05-17,7,73.18
69,633,7,44256-OH,Los Angeles,2025-04-22,8,58.25
41,612,5,44256-OH,Philadelphia,2025-12-04,1,47.52
82,80,4,94806-CA,Dallas,2024-10-01,6,22.92
35,724,6,44256-OH,Seattle,2022-03-27,5,30.52
24,397,8,070807-NJ,San Diego,2021-12-21,1,66.44
21,443,7,44256-OH,New York,2023-09-19,2,60.64
32,115,4,60053-IL,Dallas,2024-05-28,5,55.22
92,196,5,070807-NJ,Phoenix,2021-10-12,1,69.98
85,453,8,070807-NJ,Dallas,2022-01-25,7,33.89
92,856,2,94806-CA,Philadelphia,2025-02-08,2,71.27
76,279,9,19020-PA,San Diego,2021-02-22,1,23.66
69,666,4,76039-TX,San Antonio,2025-01-27,8,26.98
52,540,6,55330-MN,Houston,2021-05-24,2,47.55
67,521,8,94806-CA,San Diego,2024-08-05,2,67.11
50,82,7,19020-PA,San Jose,2024-08-21,7,44.95
14,478,1,44256-OH,Seattle,2021-06-12,1,28.76
70,340,5,070807-NJ,Chicago,2021-06-08,3,25.64
65,499,7,27909-NC,Chicago,2022-03-01,9,74.46
29,889,4,08096-NJ,New York,2023-11-22,4,61.73
65,754,3,77566-TX,Chicago,2025-06-27,5,46.66
99,518,6,94806-CA,Dallas,2022-12-20,3,47.23
30,518,3,94806-CA,San Antonio,2023-05-25,2,30.16
46,989,3,02301-MA,Seattle,2023-08-03,10,23.9
91,482,4,08096-NJ,Chicago,2022-06-02,8,41.28
65,637,4,76039-TX,Dallas,2023-09-26,3,27.1
24,344,10,94806-CA,Dallas,2024-08-17,6,45.93
47,594,10,94806-CA,San Jose,2024-07-17,2,28.23
84,841,2,08096-NJ,Chicago,2024-06-26,5,33.12
68,985,9,19020-PA,Chicago,2025-12-17,10,61.91
63,893,4,60053-IL,San Jose,2024-09-18,5,38.65
27,483,4,19020-PA,San Diego,2022-04-13,9,16.42
56,718,1,19020-PA,Dallas,2021-02-23,2,57.53
29,307,6,44256-OH,Mimia,2025-11-08,4,42.26
28,992,1,55330-MN,Phoenix,2022-09-04,1,29.55
40,664,7,08096-NJ,San Antonio,2023-11-17,4,66.36
39,257,6,94806-CA,Philadelphia,2021-02-26,8,66.68
97,434,10,02301-MA,Philadelphia,2022-08-24,6,40.41
44,485,2,02301-MA,Phoenix,2024-11-01,6,54.16
9,545,2,77566-TX,Mimia,2021-08-30,3,43.16
10,486,6,08096-NJ,Houston,2024-08-12,6,60.23
15,749,1,94806-CA,Seattle,2023-04-04,6,14.34
68,463,4,44256-OH,Chicago,2025-08-02,10,44.19
64,199,1,27909-NC,Los Angeles,2024-07-21,10,46.35
63,579,1,27909-NC,New York,2024-06-21,2,35.41
15,949,7,30083-GA,Seattle,2022-08-22,3,60.58
39,55,10,77566-TX,San Antonio,2024-09-01,5,70.1
48,119,5,070807-NJ,San Diego,2026-01-02,2,73.95
71,571,8,27909-NC,New York,2021-09-06,10,69.97
71,333,7,27909-NC,San Jose,2023-04-06,8,41.83
63,365,6,30083-GA,San Diego,2024-01-20,9,42.72
72,614,1,30083-GA,San Diego,2022-10-28,5,12.88
10,353,7,27909-NC,Dallas,2025-11-01,5,21.32
1,819,3,55330-MN,Mimia,2025-07-05,10,39.91
11,373,7,30083-GA,San Antonio,2022-03-07,7,28.2
82,663,7,27909-NC,New York,2023-12-26,10,25.0
85,130,5,02301-MA,Seattle,2021-07-25,10,37.22
42,332,5,19020-PA,Houston,2022-05-04,8,32.97
45,850,6,08096-NJ,Philadelphia,2024-02-25,7,16.21
0,769,9,27909-NC,San Antonio,2025-08-27,8,40.49
89,54,9,08096-NJ,Philadelphia,2021-02-23,5,74.47
15,616,10,55330-MN,Philadelphia,2022-05-24,4,57.88
5,606,8,070807-NJ,Chicago,2021-09-14,5,53.9
82,851,6,30083-GA,Seattle,2024-12-20,3,30.35
78,857,6,070807-NJ,San Diego,2024-06-21,0,30.1
80,119,3,77566-TX,Philadelphia,2023-04-01,3,54.6
56,191,2,02301-MA,Houston,2025-06-21,9,57.39
100,68,6,60053-IL,San Diego,2023-03-21,1,12.95
18,779,7,08096-NJ,Mimia,2025-09-06,10,15.34
5,224,9,19020-PA,Chicago,2023-11-21,4,46.5
0,516,1,19020-PA,San Jose,2021-10-20,0,40.62
96,998,2,76039-TX,New York,2025-08-08,0,72.13
86,887,8,44256-OH,San Diego,2023-06-01,0,25.0
75,758,4,08096-NJ,Phoenix,2021-04-06,5,43.7
73,146,7,76039-TX,New York,2022-09-05,6,43.42
71,120,4,070807-NJ,San Diego,2024-01-19,2,24.53
33,962,5,08096-NJ,San Antonio,2021-10-08,9,15.45
37,617,6,19020-PA,Mimia,2021-06-10,5,37.67
38,526,2,08096-NJ,San Antonio,2023-01-10,3,42.49
71,879,2,44256-OH,New York,2025-07-08,6,50.54
81,950,4,60053-IL,Chicago,2021-07-12,5,55.13
38,466,7,27909-NC,Mimia,2025-03-07,2,53.9
61,126,2,070807-NJ,San Antonio,2021-04-18,7,24.34
74,391,4,55330-MN,New York,2023-05-14,10,58.4
31,114,4,76039-TX,San Antonio,2022-06-06,1,32.74
55,495,7,94806-CA,Philadelphia,2025-04-19,1,11.73
75,836,6,76039-TX,Phoenix,2021-04-22,0,36.72
29,769,1,27909-NC,Seattle,2022-02-10,2,61.51
72,702,8,30083-GA,Phoenix,2025-09-04,3,15.5
88,186,3,55330-MN,Dallas,2021-03-21,6,57.46
0,516,10,30083-GA,Phoenix,2023-12-03,9,37.91
19,552,2,070807-NJ,New York,2022-01-07,9,25.6
22,934,3,08096-NJ,Philadelphia,2023-06-30,2,10.84
97,346,8,070807-NJ,Phoenix,2022-07-15,3,70.88
30,166,7,76039-TX,San Diego,2021-10-02,2,48.63
65,208,1,55330-MN,San Jose,2026-01-10,7,45.74
25,510,2,19020-PA,Houston,2023-10-27,10,21.28
97,859,6,44256-OH,San Diego,2024-05-02,5,21.63
47,411,10,77566-TX,Seattle,2023-10-18,10,28.33
44,918,6,60053-IL,Chicago,2024-02-01,10,11.8
85,383,5,19020-PA,Dallas,2025-05-04,0,74.5
24,900,5,02301-MA,Los Angeles,2024-04-19,10,67.63
90,654,6,94806-CA,San Jose,2025-11-20,10,26.2
31,994,8,08096-NJ,Philadelphia,2024-03-31,3,65.8
32,192,6,55330-MN,San Diego,2021-11-08,7,65.47
64,134,1,55330-MN,New York,2025-01-10,3,14.8
74,107,4,76039-TX,Dallas,2022-08-08,3,22.6
74,994,9,55330-MN,Chicago,2023-02-27,5,59.84
36,483,8,55330-MN,San Antonio,2023-09-16,3,40.11
57,936,8,76039-TX,Chicago,2022-06-06,6,23.1
96,366,5,27909-NC,Phoenix,2021-12-28,6,54.57
15,691,6,08096-NJ,New York,2023-11-25,0,44.85
57,323,6,94806-CA,Mimia,2021-11-12,5,28.69
56,516,3,19020-PA,New York,2024-02-16,2,70.17
15,942,2,77566-TX,Houston,2021-08-30,6,66.89
14,591,2,55330-MN,Dallas,2022-12-16,9,39.82
80,898,9,55330-MN,San Jose,2022-11-06,5,57.39
84,407,4,02301-MA,San Jose,2024-06-12,3,69.54
2,305,10,08096-NJ,San Diego,2022-09-15,9,60.22
1,75,4,77566-TX,New York,2021-02-07,8,62.73
35,991,9,44256-OH,San Diego,2024-11-01,6,69.87
28,926,6,55330-MN,Seattle,2025-11-18,9,69.56
86,111,4,60053-IL,Philadelphia,2024-06-05,2,31.16
3,553,2,19020-PA,Phoenix,2022-12-19,2,64.2
93,920,10,070807-NJ,Philadelphia,2024-08-18,9,54.42
2,999,9,30083-GA,San Antonio,2022-06-17,6,48.47
71,748,7,55330-MN,Los Angeles,2022-06-03,7,49.8
37,617,7,070807-NJ,Seattle,2025-06-08,1,50.96
43,636,4,08096-NJ,Dallas,2025-07-06,1,41.6
83,132,5,44256-OH,Chicago,2022-01-31,8,30.31
4,60,8,27909-NC,Mimia,2021-09-13,3,69.73
11,674,9,27909-NC,Los Angeles,2023-10-05,8,50.8
74,911,3,02301-MA,Los Angeles,2022-07-07,9,72.66
28,543,10,19020-PA,San Jose,2025-07-18,8,14.52
8,570,10,44256-OH,New York,2024-02-10,10,56.49
94,958,9,02301-MA,Houston,2025-04-20,7,48.5
93,343,3,76039-TX,Los Angeles,2023-03-09,3,36.66
84,129,8,30083-GA,San Diego,2023-02-07,9,16.31
75,858,5,02301-MA,San Jose,2025-01-01,8,15.39
34,388,5,76039-TX,Seattle,2021-03-14,8,55.66
66,542,3,19020-PA,Seattle,2024-10-27,0,25.27
70,391,9,30083-GA,Philadelphia,2025-08-30,5,38.8
92,757,3,94806-CA,San Diego,2021-04-16,8,17.6
62,422,6,02301-MA,San Jose,2023-06-20,8,38.72
16,509,2,19020-PA,San Antonio,2025-07-22,6,24.73
37,274,9,55330-MN,Los Angeles,2021-03-05,4,59.84
93,760,1,070807-NJ,San Antonio,2023-04-16,2,10.78
92,226,7,60053-IL,San Diego,2025-12-17,6,33.39
40,430,1,02301-MA,Los Angeles,2023-04-17,2,72.8
62,196,6,27909-NC,San Diego,2024-10-20,5,36.1
24,438,8,02301-MA,New York,2022-05-11,9,56.59
4,479,5,77566-TX,Dallas,2022-07-12,9,10.58
3,212,7,27909-NC,Philadelphia,2024-06-28,3,18.93
35,833,8,94806-CA,San Antonio,2022-10-14,0,13.79
70,93,3,02301-MA,Seattle,2023-08-05,6,56.58
40,730,10,76039-TX,San Antonio,2025-03-22,9,65.85
50,888,3,08096-NJ,San Diego,2023-07-24,0,41.58
100,670,4,08096-NJ,New York,2023-09-11,10,35.52
44,546,10,44256-OH,Mimia,2024-08-04,5,17.52
31,400,9,02301-MA,San Diego,2024-03-22,4,66.12
1,471,8,44256-OH,San Diego,2022-10-24,6,28.51
41,653,1,19020-PA,San Diego,2024-06-09,1,39.77
44,318,1,77566-TX,San Diego,2026-01-07,2,38.6
39,956,1,08096-NJ,Phoenix,2023-03-16,5,67.86
54,232,4,08096-NJ,Phoenix,2023-07-15,6,19.15
96,387,7,94806-CA,Chicago,2021-08-24,9,59.68
80,384,4,76039-TX,Dallas,2025-04-12,0,17.12
0,404,5,070807-NJ,Los Angeles,2024-02-09,4,67.72
93,239,3,76039-TX,San Antonio,2023-01-27,9,22.16
5,372,7,60053-IL,Houston,2023-02-05,0,38.27
84,670,2,08096-NJ,Los Angeles,2022-05-21,4,68.6
32,656,5,02301-MA,Houston,2023-04-27,0,51.6
86,373,2,44256-OH,Los Angeles,2024-10-30,10,51.16
90,536,4,55330-MN,Chicago,2021-12-16,10,39.8
27,311,7,02301-MA,Dallas,2022-03-03,6,22.5
96,165,9,19020-PA,Los Angeles,2023-05-13,4,14.95
74,237,7,44256-OH,New York,2025-04-25,8,11.38
78,816,9,94806-CA,Chicago,2023-06-13,4,56.25
20,376,10,30083-GA,Houston,2021-07-12,0,43.23
53,113,7,30083-GA,San Jose,2021-06-26,0,20.1
2,164,4,77566-TX,Houston,2025-08-21,9,51.56
100,108,4,94806-CA,Philadelphia,2024-04-13,9,30.65
27,942,5,77566-TX,Phoenix,2022-07-17,1,45.11
78,362,2,08096-NJ,Phoenix,2025-11-02,10,48.96
96,727,7,77566-TX,Houston,2022-07-18,2,69.23
10,642,7,94806-CA,New York,2025-09-30,1,24.26
92,66,10,02301-MA,San Jose,2023-04-10,7,11.22
81,118,9,76039-TX,Mimia,2023-04-28,6,52.37
77,494,1,44256-OH,Los Angeles,2024-09-29,8,38.91
82,121,2,02301-MA,New York,2021-05-21,10,19.54
90,463,8,94806-CA,Chicago,2026-01-05,6,18.18
21,784,1,94806-CA,San Diego,2023-04-17,3,71.37
62,661,5,08096-NJ,Philadelphia,2022-08-04,10,22.17
54,752,8,94806-CA,San Diego,2023-05-10,9,73.87
70,499,9,55330-MN,Los Angeles,2022-05-05,10,21.83
99,981,8,77566-TX,Houston,2021-11-22,10,17.5
33,431,8,55330-MN,San Jose,2022-11-20,3,18.5
94,486,7,60053-IL,San Antonio,2024-01-21,6,44.89
61,281,2,55330-MN,San Diego,2024-03-27,1,50.79
50,309,5,30083-GA,Mimia,2025-07-18,8,26.43
87,835,8,19020-PA,San Antonio,2023-09-20,0,60.6
43,979,8,070807-NJ,Dallas,2022-12-23,4,29.32
46,429,1,55330-MN,Mimia,2025-01-05,4,36.87
49,589,2,08096-NJ,Mimia,2023-03-17,4,57.74
41,947,5,070807-NJ,Mimia,2023-06-25,10,12.13
100,875,3,070807-NJ,Seattle,2025-07-14,5,24.23
51,805,2,02301-MA,Los Angeles,2021-03-22,10,53.1
26,197,9,30083-GA,Houston,2025-12-05,1,31.1
53,113,9,44256-OH,Houston,2023-01-22,7,74.86
95,247,3,76039-TX,San Jose,2023-05-16,2,30.17
74,368,7,27909-NC,Phoenix,2024-01-17,0,38.51
38,332,1,77566-TX,Chicago,2022-05-02,1,58.22
93,695,5,27909-NC,Houston,2024-11-03,6,73.49
13,375,2,94806-CA,San Antonio,2023-03-06,10,25.99
12,465,6,27909-NC,Philadelphia,2022-11-13,4,54.25
64,983,6,08096-NJ,Philadelphia,2025-11-28,1,71.17
77,908,8,02301-MA,San Antonio,2023-08-20,4,27.14
68,355,9,55330-MN,Seattle,2022-07-29,7,61.41
68,231,6,08096-NJ,San Antonio,2021-08-15,9,31.3
17,243,7,77566-TX,San Diego,2023-01-16,10,37.8
2,527,7,070807-NJ,San Antonio,2021-12-17,3,74.63
95,957,8,27909-NC,Philadelphia,2025-10-02,10,23.93
95,421,1,30083-GA,Dallas,2021-09-23,0,64.35
20,66,4,94806-CA,Phoenix,2025-06-01,3,13.1
49,131,9,55330-MN,Philadelphia,2024-04-02,8,68.0
5,88,5,02301-MA,Mimia,2022-02-12,10,25.66
12,653,7,55330-MN,San Jose,2022-02-09,10,37.86
15,511,3,30083-GA,Seattle,2024-03-23,10,13.16
92,786,10,070807-NJ,San Jose,2024-02-03,9,32.7
6,76,9,19020-PA,Phoenix,2021-03-03,10,32.75
95,314,5,27909-NC,Seattle,2024-11-03,6,35.1
36,787,8,76039-TX,San Antonio,2022-01-01,1,71.39
47,112,2,070807-NJ,Seattle,2024-10-18,1,25.4
91,252,3,77566-TX,Phoenix,2021-10-16,9,41.18
14,660,5,76039-TX,Mimia,2025-04-17,3,45.98
2,368,10,55330-MN,San Antonio,2023-05-25,10,50.81
30,653,8,30083-GA,San Jose,2022-06-30,10,51.84
64,830,1,77566-TX,San Diego,2023-10-31,5,35.0
56,821,10,60053-IL,San Diego,2023-04-11,3,57.29
3,436,3,08096-NJ,San Jose,2025-11-24,4,67.52
58,519,7,60053-IL,San Diego,2021-01-24,6,70.42
50,119,2,94806-CA,San Antonio,2023-10-15,9,30.1
91,586,5,60053-IL,Mimia,2022-02-04,1,46.63
1,192,3,60053-IL,Los Angeles,2022-08-16,8,19.47
100,371,6,76039-TX,San Antonio,2024-11-15,9,17.25
1,950,5,76039-TX,San Diego,2024-08-24,10,16.2
65,676,5,02301-MA,Philadelphia,2022-05-25,8,17.14
76,655,9,44256-OH,Dallas,2021-06-08,8,26.46
68,775,3,19020-PA,Mimia,2025-02-06,0,40.1
79,491,1,44256-OH,Mimia,2024-09-18,4,22.4
64,205,10,08096-NJ,San Diego,2023-01-22,0,73.47
100,717,3,070807-NJ,Chicago,2022-08-11,1,20.24
70,928,6,77566-TX,Seattle,2025-10-23,0,51.31
71,405,5,76039-TX,Phoenix,2023-10-23,2,60.57
28,844,2,94806-CA,San Jose,2022-09-01,3,23.3
73,341,9,08096-NJ,Seattle,2025-12-21,2,17.64
68,371,10,02301-MA,Phoenix,2023-02-11,3,48.21
97,784,8,44256-OH,San Antonio,2025-07-08,4,61.1
84,138,8,08096-NJ,Seattle,2022-04-12,3,14.84
89,593,3,08096-NJ,Dallas,2023-02-04,8,53.16
39,674,1,77566-TX,Mimia,2023-01-23,6,71.16
43,114,6,02301-MA,San Diego,2021-03-20,5,12.42
95,366,10,77566-TX,San Antonio,2023-10-10,10,29.97
39,759,4,94806-CA,Mimia,2024-05-19,4,55.16
54,95,6,44256-OH,San Jose,2023-07-13,1,74.97
25,762,8,27909-NC,Chicago,2024-01-19,2,71.59
100,785,8,070807-NJ,San Diego,2022-10-19,9,25.76
34,979,10,19020-PA,San Jose,2024-09-09,3,39.99
2,626,10,77566-TX,New York,2024-07-09,1,32.72
42,698,6,08096-NJ,New York,2021-03-12,3,46.69
61,988,7,19020-PA,New York,2021-03-06,7,49.5
88,329,9,19020-PA,San Diego,2023-01-21,2,25.43
4,318,2,30083-GA,San Jose,2022-12-21,0,24.16
40,825,4,44256-OH,Phoenix,2024-10-09,5,42.81
22,960,10,19020-PA,New York,2024-08-10,10,50.5
10,78,3,94806-CA,San Diego,2023-02-18,5,65.42
40,532,10,19020-PA,San Jose,2022-07-24,0,29.36
71,380,9,76039-TX,San Jose,2021-12-29,6,23.89
77,180,4,94806-CA,Dallas,2021-11-17,10,11.73
100,337,3,19020-PA,Houston,2024-01-31,3,63.4
58,66,1,27909-NC,San Jose,2024-02-11,10,66.3
21,709,6,60053-IL,Dallas,2022-07-16,5,67.29
14,884,1,08096-NJ,San Jose,2023-11-25,3,13.25
93,109,9,77566-TX,Dallas,2025-05-30,7,28.100624285383084
27,669,3,94806-CA,Phoenix,2023-03-12,0,50.12
88,67,2,02301-MA,San Antonio,2023-06-12,7,11.78
77,613,1,44256-OH,San Jose,2023-03-31,6,36.11
64,712,6,44256-OH,San Jose,2023-12-04,4,70.63
96,200,7,19020-PA,Dallas,2025-02-02,6,37.87
41,540,7,08096-NJ,Phoenix,2021-10-19,8,52.26
89,834,8,60053-IL,Dallas,2023-04-08,7,17.6
22,950,1,070807-NJ,San Jose,2021-12-04,5,25.99
49,455,9,77566-TX,Mimia,2025-10-07,6,26.33
36,454,5,08096-NJ,Dallas,2024-07-09,8,57.51
2,527,5,60053-IL,San Diego,2022-01-26,10,68.14
84,397,7,27909-NC,Mimia,2025-03-01,7,21.3
10,293,8,070807-NJ,San Diego,2021-09-11,8,44.9
87,491,6,08096-NJ,New York,2024-01-21,0,20.94
24,649,1,55330-MN,Mimia,2023-12-04,3,40.29
76,201,9,02301-MA,San Diego,2022-03-07,10,63.7
53,390,2,27909-NC,Houston,2021-02-02,0,74.8
68,987,4,02301-MA,San Antonio,2025-08-17,5,44.17
3,258,1,55330-MN,Dallas,2024-05-12,0,16.63
24,804,3,55330-MN,San Jose,2024-09-24,7,33.23
41,255,5,08096-NJ,New York,2024-02-05,7,43.6
85,477,5,27909-NC,Mimia,2022-04-12,7,73.95
67,677,6,60053-IL,San Diego,2023-07-17,10,15.95
22,894,9,27909-NC,Dallas,2022-11-15,9,51.25
82,196,5,77566-TX,Seattle,2021-04-03,1,20.4
73,664,6,94806-CA,San Antonio,2022-10-14,7,32.6
0,829,3,070807-NJ,New York,2025-12-14,6,55.41
19,269,6,27909-NC,San Diego,2026-01-01,9,66.6
52,311,9,76039-TX,Los Angeles,2021-10-04,3,28.73
64,292,5,60053-IL,San Jose,2023-02-12,1,28.86
94,95,9,44256-OH,Mimia,2022-04-30,9,73.97
40,122,3,44256-OH,New York,2021-03-31,10,37.34
93,743,8,44256-OH,Philadelphia,2022-10-26,0,21.74
63,157,6,070807-NJ,Los Angeles,2024-09-23,6,19.58
77,871,8,60053-IL,San Diego,2022-03-24,4,54.69
29,784,4,76039-TX,Chicago,2025-09-07,10,61.87
68,796,3,76039-TX,Philadelphia,2024-06-18,1,72.12
66,723,7,30083-GA,San Jose,2021-07-20,4,46.77
21,753,4,08096-NJ,Chicago,2025-07-02,10,47.49
53,828,2,27909-NC,Philadelphia,2022-03-28,6,29.35
40,252,4,60053-IL,San Diego,2024-10-03,8,74.97
97,512,5,30083-GA,Mimia,2023-06-18,1,32.66
87,552,1,30083-GA,Houston,2022-04-21,0,32.95
76,735,4,27909-NC,New York,2023-12-17,1,40.95
2,700,1,76039-TX,New York,2023-10-11,10,20.69
39,713,7,60053-IL,Dallas,2024-04-18,9,60.46
37,897,7,94806-CA,Phoenix,2023-09-16,0,47.48
76,580,8,070807-NJ,Dallas,2021-11-11,1,35.97
73,71,2,08096-NJ,Mimia,2022-05-14,3,54.33
99,107,2,44256-OH,Mimia,2025-04-16,2,72.99
26,781,7,77566-TX,San Diego,2022-02-26,10,28.72
90,435,9,27909-NC,San Antonio,2021-11-27,10,64.91
100,680,4,55330-MN,Houston,2021-09-22,0,64.81
20,388,3,070807-NJ,New York,2023-05-03,4,35.2
8,974,7,77566-TX,Chicago,2022-03-15,3,41.57
77,118,8,08096-NJ,Mimia,2022-01-27,10,46.2
27,674,7,27909-NC,Mimia,2022-05-31,9,19.64
98,986,6,44256-OH,Seattle,2022-10-14,7,43.71
51,664,8,94806-CA,New York,2025-03-20,2,55.91
46,196,7,08096-NJ,Los Angeles,2024-12-26,2,43.22
10,691,8,77566-TX,Seattle,2025-01-27,3,42.72
56,592,9,60053-IL,New York,2021-12-04,8,40.93
48,693,3,02301-MA,Phoenix,2024-10-26,5,18.5
26,292,3,44256-OH,Phoenix,2022-08-17,5,43.33
86,469,6,60053-IL,San Jose,2021-09-05,0,45.2
85,530,3,55330-MN,Seattle,2025-10-21,2,67.21
64,848,4,76039-TX,Phoenix,2021-08-27,3,25.9
65,299,5,44256-OH,San Jose,2022-09-19,4,54.41
55,996,3,30083-GA,Philadelphia,2025-01-05,7,30.9
66,395,5,08096-NJ,Chicago,2021-10-09,0,67.45
7,997,5,55330-MN,Chicago,2021-10-19,1,65.86
97,290,8,19020-PA,San Diego,2025-09-26,2,50.94
49,204,6,55330-MN,Seattle,2021-04-25,2,39.55
4,698,5,94806-CA,Philadelphia,2025-01-02,3,22.5
67,573,3,76039-TX,New York,2024-02-20,2,28.4
18,801,10,19020-PA,New York,2021-05-16,9,37.43
80,899,7,55330-MN,Philadelphia,2023-06-26,5,70.6
30,250,8,02301-MA,Mimia,2025-10-02,4,55.87
94,511,7,94806-CA,Dallas,2022-09-10,1,24.0
61,294,6,44256-OH,Dallas,2021-03-27,3,27.46
11,335,6,070807-NJ,San Diego,2024-07-13,4,38.78
67,234,3,76039-TX,Los Angeles,2021-05-29,0,46.64
81,383,9,44256-OH,Seattle,2022-09-27,2,36.14
17,59,2,30083-GA,Dallas,2025-10-06,10,30.21
33,315,7,55330-MN,San Jose,2022-01-17,7,34.81
95,980,5,76039-TX,Seattle,2022-07-17,1,19.79
5,988,9,19020-PA,San Antonio,2025-03-06,6,56.33
36,536,5,60053-IL,Chicago,2025-09-09,0,28.19
84,753,9,30083-GA,San Diego,2021-03-31,10,34.61
92,545,10,27909-NC,Phoenix,2021-10-18,6,52.31
52,497,4,27909-NC,New York,2023-02-18,10,40.36
26,698,2,77566-TX,Seattle,2024-10-15,1,35.88
30,794,10,070807-NJ,San Jose,2024-08-19,3,74.16
61,919,10,30083-GA,Philadelphia,2021-08-21,0,34.71
12,800,2,02301-MA,San Antonio,2024-05-21,6,15.49
1,132,6,27909-NC,Seattle,2022-05-04,5,31.12
70,889,6,44256-OH,San Jose,2025-04-02,8,64.47
2,412,1,55330-MN,Houston,2023-02-24,10,72.5
74,783,5,08096-NJ,Seattle,2022-03-18,6,54.73
53,403,6,08096-NJ,Phoenix,2022-06-17,6,26.37
75,515,1,77566-TX,San Jose,2024-05-14,8,17.75
29,973,10,30083-GA,Seattle,2025-10-13,9,47.3
42,887,7,44256-OH,Seattle,2023-10-22,9,21.53
39,442,1,070807-NJ,Dallas,2021-09-06,5,67.43
50,183,9,070807-NJ,Mimia,2021-08-25,1,34.19
94,138,10,070807-NJ,San Antonio,2022-05-13,4,38.2
53,212,4,77566-TX,Mimia,2025-07-22,2,53.7
49,744,5,02301-MA,Mimia,2021-06-27,9,36.71
35,848,3,070807-NJ,San Diego,2024-11-15,8,34.52
49,331,1,30083-GA,Dallas,2025-07-23,10,18.35
28,675,6,070807-NJ,Mimia,2025-10-24,8,74.98
2,179,10,55330-MN,Phoenix,2023-12-07,5,45.39591446488463
52,482,10,76039-TX,San Jose,2025-09-24,10,41.99
50,499,2,94806-CA,San Antonio,2022-10-05,0,11.16
72,117,5,30083-GA,Seattle,2024-06-27,7,71.11
36,979,9,30083-GA,New York,2024-04-07,6,27.67
50,286,8,19020-PA,Phoenix,2022-03-24,0,33.24
70,998,7,76039-TX,Philadelphia,2021-03-17,1,18.0
8,629,4,76039-TX,Houston,2022-08-14,10,35.15
44,778,2,60053-IL,Philadelphia,2022-02-03,2,44.38
97,191,9,19020-PA,San Diego,2025-04-17,8,70.85
18,987,4,94806-CA,San Antonio,2024-03-27,7,24.34
54,845,6,30083-GA,Chicago,2021-10-07,8,24.39
27,187,4,77566-TX,Seattle,2021-04-08,1,69.21
53,720,10,76039-TX,New York,2021-12-11,8,56.89
27,832,7,55330-MN,Los Angeles,2024-12-15,7,22.91
63,908,3,27909-NC,San Jose,2021-06-17,10,73.35
7,255,5,27909-NC,San Jose,2021-10-08,6,68.4
58,841,7,30083-GA,Dallas,2022-08-08,0,47.98
49,365,9,19020-PA,Phoenix,2021-02-25,4,66.16
62,227,7,070807-NJ,Los Angeles,2024-06-22,4,39.41
58,516,1,27909-NC,Phoenix,2023-11-02,8,49.7
60,416,3,44256-OH,San Antonio,2021-04-19,3,27.18
69,106,1,30083-GA,Philadelphia,2023-05-22,1,30.29
52,814,10,070807-NJ,Philadelphia,2024-08-06,3,11.46
23,131,6,94806-CA,San Diego,2024-01-20,10,72.51
58,430,10,44256-OH,Dallas,2024-09-02,9,49.42
6,907,5,08096-NJ,Los Angeles,2022-02-25,6,61.21
25,885,6,08096-NJ,San Jose,2023-04-07,10,60.12
73,820,9,55330-MN,San Diego,2024-07-08,7,29.94
20,475,6,19020-PA,Mimia,2025-07-12,6,41.5
89,436,5,94806-CA,San Jose,2024-01-01,6,73.54
41,246,1,19020-PA,Mimia,2023-01-25,4,15.59
90,952,4,44256-OH,Philadelphia,2025-01-17,9,66.8
67,192,6,44256-OH,Dallas,2022-10-27,10,15.92
46,268,3,60053-IL,Phoenix,2022-11-20,7,13.28
40,108,10,19020-PA,San Antonio,2023-05-17,4,11.93
33,178,4,27909-NC,San Jose,2021-03-01,10,41.87
7,164,1,77566-TX,Mimia,2023-04-09,9,61.7
3,932,10,02301-MA,Dallas,2023-01-09,4,62.56
6,729,10,070807-NJ,Dallas,2024-03-03,0,47.43
1,941,9,19020-PA,San Jose,2024-08-08,5,63.69
46,436,5,27909-NC,Phoenix,2022-01-10,7,38.42
18,510,4,070807-NJ,Phoenix,2024-11-10,4,14.22
83,948,1,76039-TX,Mimia,2023-08-05,9,72.96
53,77,4,30083-GA,Philadelphia,2024-10-06,7,53.92
52,351,9,44256-OH,Seattle,2021-08-06,2,16.28
55,713,6,77566-TX,Phoenix,2021-08-30,8,64.22
62,570,2,60053-IL,Houston,2024-01-16,4,73.42
1,689,6,070807-NJ,Los Angeles,2024-10-19,8,69.58
50,117,9,44256-OH,San Jose,2024-02-11,4,57.36
31,781,7,02301-MA,Phoenix,2024-07-17,6,46.2
76,791,10,60053-IL,San Antonio,2022-03-06,9,36.88
57,799,7,94806-CA,New York,2021-04-02,4,19.87
1,106,6,44256-OH,Houston,2021-07-17,1,43.89
62,384,3,76039-TX,San Diego,2026-01-11,5,18.49
42,589,2,55330-MN,Dallas,2025-06-16,3,73.12
38,490,9,76039-TX,Chicago,2023-11-12,2,28.16
48,774,8,070807-NJ,San Diego,2023-01-15,2,42.14
67,611,6,76039-TX,New York,2023-09-27,5,69.76
7,757,4,94806-CA,Houston,2023-09-06,5,28.89
11,205,5,02301-MA,Seattle,2022-11-21,4,20.42
58,782,6,02301-MA,Seattle,2021-02-23,4,56.13
3,72,1,070807-NJ,Los Angeles,2024-11-22,9,40.22
95,933,5,77566-TX,Los Angeles,2024-12-22,4,32.54
93,786,4,76039-TX,Phoenix,2021-08-23,1,54.79
8,282,10,94806-CA,New York,2022-12-26,2,61.49
50,155,2,08096-NJ,Houston,2024-01-18,4,10.79
80,253,5,27909-NC,New York,2023-04-07,1,56.29
70,951,4,44256-OH,Philadelphia,2023-11-25,9,38.9
16,114,9,30083-GA,Phoenix,2025-02-02,0,19.61
33,887,3,02301-MA,San Jose,2025-04-26,4,51.72
83,405,7,070807-NJ,Phoenix,2021-02-02,8,65.77
95,102,2,27909-NC,Mimia,2022-06-13,0,23.93
77,839,6,55330-MN,New York,2021-12-12,0,71.97
11,377,4,44256-OH,New York,2022-12-29,4,33.76
48,219,8,44256-OH,Philadelphia,2025-06-17,1,24.27
91,175,10,76039-TX,Chicago,2025-12-15,10,26.73
53,557,1,77566-TX,New York,2023-12-02,0,26.51
28,391,2,77566-TX,Dallas,2024-09-03,9,34.45
12,938,4,30083-GA,Los Angeles,2024-05-16,3,33.48
11,343,5,070807-NJ,Houston,2021-10-19,0,25.7
19,52,3,27909-NC,San Jose,2023-10-02,8,44.85
65,176,10,02301-MA,San Jose,2023-06-30,3,45.61
28,914,9,30083-GA,New York,2021-12-14,10,10.99
61,502,6,44256-OH,San Antonio,2021-07-11,2,69.79
71,822,2,55330-MN,Mimia,2024-10-01,1,26.77
87,81,7,08096-NJ,Dallas,2026-01-09,5,45.98
18,410,8,30083-GA,Mimia,2021-01-21,5,51.44
29,664,5,60053-IL,New York,2021-05-24,3,22.77
7,462,6,02301-MA,Houston,2022-06-30,3,73.92
98,662,8,19020-PA,Los Angeles,2023-09-12,5,11.51
35,555,1,070807-NJ,San Antonio,2023-01-17,4,74.29
84,513,1,070807-NJ,New York,2025-08-04,7,26.68
26,300,5,070807-NJ,Los Angeles,2022-11-18,7,12.11
36,317,6,30083-GA,Phoenix,2023-05-23,7,35.2
11,549,2,77566-TX,New York,2023-08-24,0,39.97
82,404,9,77566-TX,Phoenix,2023-06-01,8,33.67
21,237,1,30083-GA,Philadelphia,2022-07-16,4,12.4
4,194,5,19020-PA,Dallas,2025-09-02,8,26.91
31,237,4,60053-IL,Mimia,2022-11-19,9,38.72
80,864,9,02301-MA,San Antonio,2022-04-14,0,28.87
13,206,2,02301-MA,Philadelphia,2024-07-23,3,70.87
77,933,8,27909-NC,Philadelphia,2025-03-19,5,33.27
46,900,10,60053-IL,Dallas,2021-11-09,0,38.37
18,401,5,55330-MN,Phoenix,2025-11-27,7,72.45
32,941,9,19020-PA,San Jose,2023-10-26,6,66.99
13,495,2,19020-PA,San Jose,2025-01-20,1,36.32
23,895,2,070807-NJ,Mimia,2022-05-09,6,53.7
6,798,8,30083-GA,Mimia,2024-07-23,9,61.1
81,587,3,76039-TX,Seattle,2024-03-01,10,61.2
58,408,2,44256-OH,Dallas,2022-05-21,2,32.56
28,119,5,19020-PA,San Diego,2021-06-23,1,39.21
58,827,3,070807-NJ,New York,2022-08-27,8,10.55
42,513,10,77566-TX,Philadelphia,2025-09-07,1,46.11
42,114,2,94806-CA,Dallas,2021-03-30,7,50.93
7,91,4,30083-GA,Mimia,2024-10-15,6,67.21
57,582,5,19020-PA,San Jose,2025-01-01,1,27.67
28,482,6,94806-CA,San Diego,2025-01-12,10,23.96
24,598,1,070807-NJ,Phoenix,2024-02-21,4,11.32
58,141,3,30083-GA,Dallas,2024-07-20,0,39.2
6,120,5,44256-OH,San Diego,2022-05-16,8,72.93
89,91,10,77566-TX,Dallas,2023-08-16,5,32.91
11,273,6,60053-IL,Chicago,2021-05-25,1,11.8
12,257,5,77566-TX,Seattle,2021-04-19,6,64.68
1,992,7,60053-IL,San Jose,2025-01-28,3,52.42
5,424,10,76039-TX,Los Angeles,2021-09-19,1,63.17
60,952,2,30083-GA,Philadelphia,2021-05-08,5,66.0
93,172,5,30083-GA,New York,2025-03-11,7,11.78
32,776,10,55330-MN,Los Angeles,2021-07-30,0,31.67
89,217,5,44256-OH,Los Angeles,2021-11-07,8,56.6
1,112,9,30083-GA,San Diego,2024-01-27,10,20.24
93,966,7,77566-TX,Houston,2023-03-02,6,45.58
4,700,6,94806-CA,San Diego,2025-12-05,10,56.82
12,981,9,02301-MA,Houston,2024-03-01,7,37.75
71,52,1,55330-MN,New York,2025-12-23,5,25.37
7,716,4,02301-MA,New York,2021-05-04,6,18.51
35,805,8,94806-CA,Seattle,2021-01-17,5,52.97
100,410,4,30083-GA,New York,2025-05-21,3,24.59
81,563,8,19020-PA,San Diego,2022-08-05,5,20.44
4,500,8,08096-NJ,Dallas,2021-12-14,4,47.97
67,126,7,55330-MN,Philadelphia,2022-04-15,0,52.14
30,376,9,19020-PA,Los Angeles,2021-06-15,10,44.91
11,975,3,76039-TX,Seattle,2023-09-18,10,58.79
0,426,6,070807-NJ,Mimia,2022-09-19,0,44.13
61,271,10,08096-NJ,Philadelphia,2024-06-16,7,15.31
41,652,7,08096-NJ,Dallas,2023-05-29,7,45.54
54,841,2,76039-TX,Dallas,2023-12-10,3,26.4
43,924,1,27909-NC,Seattle,2025-09-25,9,16.12
66,924,7,55330-MN,Los Angeles,2024-05-12,3,37.9
9,689,2,60053-IL,Los Angeles,2024-02-09,6,58.2
89,795,6,070807-NJ,Phoenix,2022-10-13,8,59.76
2,262,7,02301-MA,Los Angeles,2021-02-24,8,62.61
39,99,8,44256-OH,Houston,2023-12-19,0,58.3
77,190,7,08096-NJ,San Diego,2024-01-24,10,52.63
42,394,10,19020-PA,Chicago,2025-01-11,7,16.77
61,552,7,27909-NC,Houston,2025-10-05,9,29.366728605338096
3,445,8,44256-OH,Seattle,2021-06-01,2,40.36
3,644,2,55330-MN,New York,2025-02-05,1,70.21
4,217,4,76039-TX,Los Angeles,2022-10-29,2,54.37
51,625,4,44256-OH,New York,2025-03-06,3,13.53
88,995,8,02301-MA,Houston,2021-08-17,4,13.54
73,615,2,02301-MA,Seattle,2024-08-09,7,34.1
6,423,2,30083-GA,San Antonio,2025-06-15,4,68.1
74,318,2,55330-MN,San Antonio,2021-10-19,0,54.52
77,112,4,08096-NJ,Mimia,2022-04-18,6,13.33
23,801,1,08096-NJ,San Antonio,2021-10-04,3,13.9
69,269,10,02301-MA,Dallas,2022-08-03,5,25.3
90,141,10,27909-NC,Chicago,2021-04-12,1,72.75
69,630,2,30083-GA,San Antonio,2021-10-14,0,40.32
79,118,10,55330-MN,Mimia,2021-04-10,4,12.59
92,594,4,02301-MA,Los Angeles,2021-04-10,6,27.45
32,665,3,19020-PA,San Diego,2023-01-15,1,30.69
49,884,2,55330-MN,New York,2022-07-29,7,38.31
19,710,6,02301-MA,San Antonio,2023-05-02,8,26.51
35,65,1,55330-MN,Mimia,2024-08-03,9,19.28
0,102,1,02301-MA,Mimia,2024-06-08,7,52.85
53,935,1,44256-OH,New York,2024-12-03,10,61.86
60,96,7,27909-NC,Mimia,2021-12-17,8,31.13
97,136,7,08096-NJ,Chicago,2021-09-23,7,74.14
80,674,3,19020-PA,San Diego,2023-09-12,5,67.93
44,131,4,070807-NJ,Seattle,2024-11-11,7,27.99
13,57,2,44256-OH,Philadelphia,2022-09-01,8,54.65
1,134,6,30083-GA,Phoenix,2022-12-27,10,33.66
88,741,2,30083-GA,Phoenix,2023-08-02,6,50.67
18,434,3,070807-NJ,Mimia,2024-05-26,3,21.5
35,226,8,76039-TX,Seattle,2024-04-12,10,12.84
3,592,3,08096-NJ,Mimia,2022-02-02,3,62.39
41,564,1,30083-GA,Chicago,2024-10-04,1,55.26
28,952,5,76039-TX,San Diego,2021-06-21,0,57.47
64,482,1,30083-GA,New York,2023-06-20,10,34.3
51,727,10,19020-PA,Dallas,2025-01-22,8,49.43
26,414,1,02301-MA,San Jose,2025-06-04,3,50.44
79,119,10,08096-NJ,San Antonio,2022-12-03,1,70.15
97,409,10,76039-TX,San Diego,2025-05-30,10,73.7
59,526,5,30083-GA,San Diego,2025-06-09,2,65.52
97,173,2,02301-MA,Dallas,2021-09-21,0,63.72
43,677,9,070807-NJ,Dallas,2023-03-29,9,43.17
47,641,7,30083-GA,San Diego,2025-06-19,1,15.36
81,917,5,55330-MN,Los Angeles,2022-07-23,2,36.3
81,535,3,02301-MA,Houston,2025-08-14,6,47.56
99,146,9,60053-IL,New York,2025-04-29,9,58.36
45,547,5,30083-GA,San Jose,2022-10-03,3,40.1
27,856,9,27909-NC,Philadelphia,2024-07-02,9,16.0
2,903,7,070807-NJ,Mimia,2021-11-28,6,22.3
36,580,8,77566-TX,Dallas,2025-01-26,9,24.78
94,772,3,30083-GA,Dallas,2025-10-19,8,18.0
52,620,2,02301-MA,New York,2024-08-04,3,40.72
93,564,1,76039-TX,San Antonio,2022-10-10,3,64.39
66,154,1,44256-OH,San Jose,2022-03-03,9,15.55
39,764,5,77566-TX,Houston,2025-03-03,6,23.47
41,976,6,30083-GA,Dallas,2021-02-09,7,57.21
61,309,1,08096-NJ,Chicago,2022-11-19,9,37.84
54,170,2,60053-IL,New York,2023-03-06,9,37.98
19,652,5,77566-TX,San Jose,2022-09-14,9,65.53
43,882,5,08096-NJ,Los Angeles,2021-06-25,8,13.51
76,802,2,55330-MN,Phoenix,2021-11-23,0,61.5
51,178,10,76039-TX,Los Angeles,2024-10-13,7,62.75
81,451,10,27909-NC,Dallas,2024-09-25,10,16.44
84,172,6,55330-MN,San Jose,2024-10-05,2,58.28
69,823,1,44256-OH,Houston,2023-08-08,8,15.19
31,650,10,27909-NC,Los Angeles,2022-02-11,1,46.0
24,586,9,77566-TX,Houston,2022-04-14,0,55.46
95,790,9,77566-TX,San Jose,2024-08-01,7,72.15
37,340,6,77566-TX,Houston,2022-07-20,9,29.72
60,731,3,77566-TX,New York,2025-05-24,4,62.65
69,606,4,30083-GA,San Diego,2021-04-18,7,56.79
24,599,1,77566-TX,Mimia,2022-06-28,4,38.88
16,118,4,30083-GA,San Antonio,2021-07-18,8,28.63
92,943,8,30083-GA,Chicago,2022-09-07,4,23.78
67,816,9,02301-MA,Houston,2024-05-20,6,35.76
82,840,10,94806-CA,Houston,2023-12-05,6,56.88
69,201,5,02301-MA,Houston,2023-02-10,3,47.3
86,928,2,94806-CA,San Diego,2021-02-01,8,74.44
53,510,8,55330-MN,Seattle,2025-01-15,9,28.54
92,696,4,070807-NJ,Chicago,2022-01-20,7,16.49
77,936,3,070807-NJ,Seattle,2022-08-02,4,14.83
53,682,6,77566-TX,Los Angeles,2024-08-23,4,64.12
72,605,1,44256-OH,Phoenix,2024-01-26,5,20.52
36,175,9,55330-MN,San Diego,2021-07-06,3,56.2
92,58,9,76039-TX,Dallas,2021-03-13,7,36.94
46,195,6,55330-MN,Los Angeles,2023-05-19,4,39.96
62,299,8,08096-NJ,Chicago,2024-12-10,1,26.69
44,328,1,94806-CA,New York,2021-02-07,7,35.51
50,468,5,94806-CA,New York,2024-08-27,5,56.69
20,627,3,30083-GA,Mimia,2024-08-26,2,28.81
8,853,3,60053-IL,San Antonio,2021-07-09,5,30.82
17,255,1,44256-OH,Houston,2024-11-22,9,70.68
23,335,2,55330-MN,San Diego,2023-01-18,8,71.94
87,526,2,30083-GA,Chicago,2025-03-12,3,17.97
15,739,5,19020-PA,San Antonio,2022-08-13,10,71.39
62,620,7,08096-NJ,Houston,2021-02-06,3,16.35
71,709,2,08096-NJ,Mimia,2025-08-25,6,60.56
35,651,10,60053-IL,Phoenix,2025-08-07,1,18.92
89,890,9,76039-TX,Chicago,2023-05-06,9,55.97
0,552,9,30083-GA,Dallas,2024-04-21,5,45.42
75,421,3,94806-CA,San Antonio,2024-07-31,7,69.54
65,211,4,08096-NJ,San Diego,2022-06-15,5,73.24
47,324,1,94806-CA,Houston,2022-09-28,1,67.93
57,170,4,60053-IL,Phoenix,2021-06-07,0,25.73
16,168,10,77566-TX,Chicago,2022-04-03,1,72.8
15,67,1,08096-NJ,Seattle,2023-12-12,0,70.41
82,342,5,55330-MN,Philadelphia,2023-08-19,3,30.3
71,734,3,02301-MA,Philadelphia,2025-02-20,5,64.43
58,739,2,30083-GA,San Jose,2021-10-05,10,44.23
44,856,5,070807-NJ,Philadelphia,2022-03-08,10,21.33
25,909,2,55330-MN,Dallas,2025-02-02,9,18.86
64,182,5,94806-CA,San Jose,2022-11-20,2,11.61
25,783,9,070807-NJ,New York,2024-08-27,10,55.68
11,822,10,94806-CA,Dallas,2021-06-10,8,42.14
59,182,8,30083-GA,San Antonio,2025-10-04,1,12.81
50,117,10,19020-PA,Seattle,2025-02-04,2,62.19
39,856,2,02301-MA,New York,2021-11-22,2,50.28
95,874,10,60053-IL,Philadelphia,2023-03-04,1,73.39
40,343,1,77566-TX,Los Angeles,2021-04-20,2,42.71
92,87,2,77566-TX,Philadelphia,2022-10-06,5,59.16
12,84,3,02301-MA,Phoenix,2023-04-05,0,39.14
46,858,9,02301-MA,Seattle,2025-12-19,4,12.12
66,445,7,070807-NJ,San Antonio,2024-09-09,4,49.79
26,638,7,44256-OH,Los Angeles,2021-12-21,2,43.43
23,344,5,76039-TX,Houston,2021-01-19,3,38.5
75,519,9,76039-TX,Mimia,2021-10-06,0,62.42
22,906,2,070807-NJ,Houston,2023-02-18,1,67.72
34,185,8,19020-PA,Mimia,2024-07-15,0,17.2
100,723,4,19020-PA,Mimia,2025-05-21,1,38.45
38,143,6,44256-OH,New York,2023-07-08,10,69.86
6,191,8,27909-NC,Dallas,2023-07-18,6,68.15
54,52,4,30083-GA,Dallas,2023-06-08,0,24.58
45,470,9,44256-OH,Seattle,2025-08-17,0,54.71
9,262,8,070807-NJ,Mimia,2023-08-30,8,63.91
11,394,2,19020-PA,Chicago,2021-01-22,4,35.64
11,739,7,60053-IL,Philadelphia,2023-05-12,2,28.47
68,772,5,27909-NC,Houston,2021-10-17,10,35.61
83,909,10,19020-PA,Phoenix,2021-11-21,0,48.94
51,914,6,27909-NC,Chicago,2024-10-19,5,62.55
79,403,8,44256-OH,San Antonio,2025-12-03,5,32.1
95,792,4,19020-PA,Chicago,2021-06-08,7,42.32
42,824,10,02301-MA,Philadelphia,2024-01-01,1,37.34
54,73,2,30083-GA,Dallas,2021-11-25,9,12.95
55,993,1,77566-TX,Philadelphia,2022-12-28,8,59.9
34,912,3,30083-GA,Philadelphia,2025-02-19,1,40.59
98,276,10,27909-NC,Philadelphia,2025-03-15,6,28.92
61,850,8,08096-NJ,San Diego,2022-02-07,8,27.83
40,201,9,76039-TX,Seattle,2022-11-08,4,47.62
81,913,7,76039-TX,Mimia,2022-07-16,10,63.14
97,830,8,77566-TX,Philadelphia,2024-11-16,1,40.18
51,737,6,30083-GA,Mimia,2025-01-21,4,24.3
85,316,5,19020-PA,Los Angeles,2021-10-08,8,15.4
51,840,4,77566-TX,Houston,2022-05-08,2,35.4
36,170,8,070807-NJ,New York,2025-09-17,9,63.24
18,724,9,30083-GA,Los Angeles,2024-09-20,3,70.27
64,819,3,070807-NJ,Mimia,2023-07-21,9,61.78
78,145,2,77566-TX,Dallas,2022-05-20,1,42.9
37,711,1,94806-CA,Phoenix,2024-08-18,4,71.8
39,891,2,44256-OH,Los Angeles,2021-09-26,9,16.78
65,99,6,30083-GA,San Antonio,2025-02-05,8,64.26
46,434,10,19020-PA,New York,2021-06-13,5,29.12
48,962,6,94806-CA,San Jose,2024-05-19,1,70.85
13,959,1,76039-TX,San Jose,2024-01-21,0,19.9
23,302,6,27909-NC,San Antonio,2024-12-31,1,56.43
89,984,4,070807-NJ,San Jose,2024-10-10,3,44.83
69,464,1,94806-CA,San Jose,2021-12-29,1,13.55
99,189,4,60053-IL,Phoenix,2023-11-23,6,17.7
33,80,3,02301-MA,New York,2021-06-30,3,66.18
5,121,7,070807-NJ,New York,2024-01-01,3,66.59
87,375,3,070807-NJ,Houston,2025-01-30,10,13.89
89,964,7,30083-GA,Philadelphia,2022-05-31,6,13.82
11,410,2,19020-PA,Philadelphia,2023-02-18,4,44.5
65,865,5,77566-TX,San Diego,2023-03-30,9,74.2
39,898,2,55330-MN,Houston,2024-08-17,3,20.78
97,389,9,19020-PA,Los Angeles,2024-03-30,0,62.14
79,965,1,44256-OH,Los Angeles,2025-06-13,6,27.14
